{
  "project_info": {
    "project_number": "170589224466",
    "project_id": "vacas-dca70",
    "storage_bucket": "vacas-dca70.appspot.com"
  },
  "client": [
    {
      "client_info": {
        "mobilesdk_app_id": "1:170589224466:android:6dae6cbd34d6b89febe2cb",
        "android_client_info": {
          "package_name": "com.example.prollectofinal"
        }
      },
      "oauth_client": [
        {
          "client_id": "170589224466-mppjg244k5ioglqi84ukm1v2alj5kkkc.apps.googleusercontent.com",
          "client_type": 3
        }
      ],
      "api_key": [
        {
          "current_key": "AIzaSyAUx1s6pj9ThzdPr6LMPHJIypvYZvNL5x8"
        }
      ],
      "services": {
        "appinvite_service": {
          "other_platform_oauth_client": [
            {
              "client_id": "170589224466-mppjg244k5ioglqi84ukm1v2alj5kkkc.apps.googleusercontent.com",
              "client_type": 3
            }
          ]
        }
      }
    },
    {
      "client_info": {
        "mobilesdk_app_id": "1:170589224466:android:1f4a47477f2c4d70ebe2cb",
        "android_client_info": {
          "package_name": "com.example.sanji"
        }
      },
      "oauth_client": [
        {
          "client_id": "170589224466-mppjg244k5ioglqi84ukm1v2alj5kkkc.apps.googleusercontent.com",
          "client_type": 3
        }
      ],
      "api_key": [
        {
          "current_key": "AIzaSyAUx1s6pj9ThzdPr6LMPHJIypvYZvNL5x8"
        }
      ],
      "services": {
        "appinvite_service": {
          "other_platform_oauth_client": [
            {
              "client_id": "170589224466-mppjg244k5ioglqi84ukm1v2alj5kkkc.apps.googleusercontent.com",
              "client_type": 3
            }
          ]
        }
      }
    }
  ],
  "configuration_version": "1"
}